Email,Password
john.doe@example.com,Pass123!
jane.smith@example.com,Pass123!
robert.johnson@example.com,Pass123!
emily.williams@example.com,Pass123!
michael.brown@example.com,Pass123!
sarah.jones@example.com,Pass123!
david.garcia@example.com,Pass123!
jessica.miller@example.com,Pass123!
thomas.davis@example.com,Pass123!
jennifer.rodriguez@example.com,Pass123!
daniel.martinez@example.com,Pass123!
lisa.hernandez@example.com,Pass123!
matthew.lopez@example.com,Pass123!
amanda.gonzalez@example.com,Pass123!
james.wilson@example.com,Pass123!
ashley.anderson@example.com,Pass123!
christopher.taylor@example.com,Pass123!
elizabeth.moore@example.com,Pass123!
andrew.jackson@example.com,Pass123!
stephanie.thompson@example.com,Pass123!
alexander.clark@example.com,Pass123!
victoria.lewis@example.com,Pass123!
ryan.lee@example.com,Pass123!
olivia.walker@example.com,Pass123!
william.hall@example.com,Pass123!
admin@bmw.com,Admin123!
